git_remote , updated_on
git@bitbucket.org:moldiscovery/webmetabase , 2020-02-05    ? Juan pasq
git@bitbucket.org:moldiscovery/lipostar , 2020-02-04		OK 
git@bitbucket.org:moldiscovery/flapguimodules , 2020-02-04	OK
git@bitbucket.org:moldiscovery/msite , 2020-02-04		OK   		
git@bitbucket.org:moldiscovery/massmetasite , 2020-02-04	OK
git@bitbucket.org:moldiscovery/moka , 2020-02-03		OK
git@bitbucket.org:moldiscovery/kibitzer , 2020-02-03		OK
git@bitbucket.org:moldiscovery/oleum , 2020-02-03		OK
git@bitbucket.org:moldiscovery/mini_mizer , 2020-01-28		OK
git@bitbucket.org:moldiscovery/runaway , 2020-01-28		OK
git@bitbucket.org:moldiscovery/biogps_ws , 2020-01-28		OK
git@bitbucket.org:moldiscovery/libflapmv , 2020-01-23		OK
git@bitbucket.org:moldiscovery/inchi , 2020-01-23		OK
git@bitbucket.org:moldiscovery/flap3 , 2020-01-23		OK
git@bitbucket.org:moldiscovery/flap-db , 2020-01-22		OK
git@bitbucket.org:moldiscovery/biogps , 2020-01-22		OK
git@bitbucket.org:moldiscovery/msfile_reader , 2020-01-21	OK
git@bitbucket.org:moldiscovery/grid_ui , 2020-01-21		OK
git@bitbucket.org:moldiscovery/moldraw , 2020-01-20		OK
git@bitbucket.org:moldiscovery/mutils , 2020-01-20		OK
git@bitbucket.org:moldiscovery/man_moka , 2020-01-20		OK
git@bitbucket.org:moldiscovery/peakdetect , 2020-01-20		OK
git@bitbucket.org:moldiscovery/libmspec , 2020-01-17		OK
git@bitbucket.org:moldiscovery/builder , 2020-01-17		OK
git@bitbucket.org:moldiscovery/lipostar_rules , 2020-01-17	OK
git@bitbucket.org:moldiscovery/mdwrapper , 2020-01-16		OK
git@bitbucket.org:moldiscovery/waters_sdk , 2020-01-16		OK
git@bitbucket.org:moldiscovery/ansible , 2020-01-15		OK
git@bitbucket.org:moldiscovery/unificonnect , 2020-01-15	OK
git@bitbucket.org:moldiscovery/mdtk , 2020-01-14		OK		
git@bitbucket.org:moldiscovery/libpka , 2020-01-08		OK
git@bitbucket.org:moldiscovery/flap_tools , 2020-01-08		OK
git@bitbucket.org:moldiscovery/dementor , 2020-01-07		OK
git@bitbucket.org:moldiscovery/fixpdb , 2019-12-23		OK
git@bitbucket.org:moldiscovery/djangosite , 2019-12-23		OK
git@bitbucket.org:moldiscovery/volsurf3 , 2019-12-19		OK
git@bitbucket.org:moldiscovery/pka_devel , 2019-12-16		OK
git@bitbucket.org:moldiscovery/moplykit , 2019-12-13		OK
git@bitbucket.org:moldiscovery/libflapui , 2019-12-13		OK
git@bitbucket.org:moldiscovery/masschemsite , 2019-12-13	OK
git@bitbucket.org:moldiscovery/libvolsurf , 2019-12-12		OK
git@bitbucket.org:moldiscovery/msconv-sciex , 2019-12-12	OK
git@bitbucket.org:moldiscovery/openglunderqml , 2019-11-23	OK
git@bitbucket.org:moldiscovery/libpdbweb , 2019-11-14		OK
git@bitbucket.org:moldiscovery/libbasstatpp , 2019-11-14	OK
git@bitbucket.org:moldiscovery/grid_ng , 2019-10-28		OK
git@bitbucket.org:moldiscovery/sqlite , 2019-10-23		OK
git@bitbucket.org:moldiscovery/liblogd , 2019-10-22		OK
git@bitbucket.org:moldiscovery/libdepict , 2019-10-22		OK
git@bitbucket.org:moldiscovery/qplotter , 2019-10-21		OK
git@bitbucket.org:moldiscovery/libdatastorage , 2019-10-18	OK
git@bitbucket.org:moldiscovery/libapputils , 2019-10-16		OK
git@bitbucket.org:moldiscovery/atomanalysis , 2019-10-15	OK 
git@bitbucket.org:moldiscovery/rocplot , 2019-10-11		OK
git@bitbucket.org:moldiscovery/bruker-tdf , 2019-10-10		OK
git@bitbucket.org:moldiscovery/lkmy , 2019-10-09		OK
git@bitbucket.org:moldiscovery/rxneditor , 2019-10-09		OK
git@bitbucket.org:moldiscovery/libbasstat , 2019-10-08		OK
git@bitbucket.org:moldiscovery/libtaut , 2019-10-08		OK
git@bitbucket.org:moldiscovery/libkekule , 2019-10-08		OK
git@bitbucket.org:moldiscovery/libisis , 2019-10-08		OK
git@bitbucket.org:moldiscovery/qwt , 2019-10-08			OK
git@bitbucket.org:moldiscovery/lipidbuilder , 2019-10-04	OK
git@bitbucket.org:moldiscovery/grid_aat_devel , 2019-10-03	OK
git@bitbucket.org:moldiscovery/PAInS filter , 2019-09-26	OK
git@bitbucket.org:moldiscovery/nimrod , 2019-08-08		OK
git@bitbucket.org:moldiscovery/metasite , 2019-07-26		OK
git@bitbucket.org:moldiscovery/vsmodels_devel , 2019-07-26	OK
git@bitbucket.org:moldiscovery/man_massmetasite , 2019-07-25	OK
git@bitbucket.org:moldiscovery/baf2sql , 2019-07-24		OK
git@bitbucket.org:moldiscovery/testrepo , 2019-07-23		OK
git@bitbucket.org:moldiscovery/libfrag , 2019-07-15		OK
git@bitbucket.org:moldiscovery/terraform , 2019-07-11		OK
git@bitbucket.org:moldiscovery/libboundary , 2019-06-20		OK
git@bitbucket.org:moldiscovery/IsoSpecs , 2019-06-18		OK
git@bitbucket.org:moldiscovery/qplot3d , 2019-06-11		OK
git@bitbucket.org:moldiscovery/man_biogps , 2019-06-11		OK
git@bitbucket.org:moldiscovery/nsis , 2019-06-10		OK
git@bitbucket.org:moldiscovery/pic2mol , 2019-05-29		OK
git@bitbucket.org:moldiscovery/pic2mol-model , 2019-05-29	OK
git@bitbucket.org:moldiscovery/wingetopt , 2019-05-17		OK
git@bitbucket.org:moldiscovery/modeler_py , 2019-04-25		OK
git@bitbucket.org:moldiscovery/mhdac , 2019-04-24		OK
git@bitbucket.org:moldiscovery/tutor_massmetasite , 2019-04-18	OK
git@bitbucket.org:moldiscovery/charming , 2019-04-18		OK
git@bitbucket.org:moldiscovery/markush , 2019-04-17		OK
git@bitbucket.org:moldiscovery/vs_topp , 2019-03-26		OK
git@bitbucket.org:moldiscovery/cifexplorer , 2019-03-25		OK
git@bitbucket.org:moldiscovery/designer , 2019-03-22		OK
git@bitbucket.org:moldiscovery/nmrassigner , 2019-02-27		OK
git@bitbucket.org:moldiscovery/librecogniser , 2019-02-07	OK
git@bitbucket.org:moldiscovery/mdws_logging , 2019-02-07	OK
git@bitbucket.org:moldiscovery/taut_devel , 2019-01-23		OK
git@bitbucket.org:moldiscovery/markush-app , 2019-01-09		OK
git@bitbucket.org:moldiscovery/mcsf , 2018-12-21		OK
git@bitbucket.org:moldiscovery/msfile-converter , 2018-11-29	OK
git@bitbucket.org:moldiscovery/waters_protobuff , 2018-11-29	OK
git@bitbucket.org:moldiscovery/protobuf , 2018-11-23		OK
git@bitbucket.org:moldiscovery/wiffreader , 2018-11-08		OK
git@bitbucket.org:moldiscovery/laura , 2018-11-08		OK
git@bitbucket.org:moldiscovery/rapidjson , 2018-10-26		OK
git@bitbucket.org:moldiscovery/Eigen , 2018-10-26		OK
git@bitbucket.org:moldiscovery/gldraw , 2018-10-17		OK
git@bitbucket.org:moldiscovery/logd_devel , 2018-10-08		OK
git@bitbucket.org:moldiscovery/three2dview , 2018-10-02		OK
git@bitbucket.org:moldiscovery/grid , 2018-09-26		OK
git@bitbucket.org:moldiscovery/libhscf , 2018-09-21		OK
git@bitbucket.org:moldiscovery/mokatip , 2018-06-18		OK
git@bitbucket.org:moldiscovery/lipidquest , 2018-04-20		OK
git@bitbucket.org:moldiscovery/epviewer , 2018-04-18		OK
git@bitbucket.org:moldiscovery/cyprea , 2018-04-16		OK
git@bitbucket.org:moldiscovery/flapclimodules , 2018-04-13	OK
git@bitbucket.org:moldiscovery/liblda , 2018-03-28		OK
git@bitbucket.org:moldiscovery/winflexbison , 2018-01-31	OK
git@bitbucket.org:moldiscovery/man_metasite , 2018-01-24	OK
git@bitbucket.org:moldiscovery/tutor_metasite , 2018-01-24	OK
git@bitbucket.org:moldiscovery/libbiopka , 2018-01-16		OK
git@bitbucket.org:moldiscovery/md-registry-server , 2018-01-10	OK
git@bitbucket.org:moldiscovery/recogniser , 2017-12-21		OK
git@bitbucket.org:moldiscovery/puppet , 2017-12-19		OK
git@bitbucket.org:moldiscovery/metabanalysis , 2017-11-28	OK
git@bitbucket.org:moldiscovery/jenkins_test_repo , 2017-10-23	OK
git@bitbucket.org:moldiscovery/asparagus , 2017-10-13		OK
git@bitbucket.org:moldiscovery/flap_ui , 2017-09-13		OK
git@bitbucket.org:moldiscovery/medoids , 2017-09-01		OK
git@bitbucket.org:moldiscovery/vsplus_models , 2017-06-07	OK
git@bitbucket.org:moldiscovery/ADMEspace , 2017-05-11		OK
git@bitbucket.org:moldiscovery/libmzqt , 2017-02-06		OK
git@bitbucket.org:moldiscovery/online_manuals , 2016-12-27	OK
git@bitbucket.org:moldiscovery/vsplus , 2016-12-21		OK
git@bitbucket.org:moldiscovery/dbtk , 2016-11-29		OK
git@bitbucket.org:moldiscovery/man_flap , 2016-07-20		OK
git@bitbucket.org:moldiscovery/resemblance , 2016-06-06		OK
git@bitbucket.org:moldiscovery/midac , 2016-05-13		OK
git@bitbucket.org:moldiscovery/grid_aat , 2016-05-11		OK
git@bitbucket.org:moldiscovery/grid_newparam , 2016-05-11	OK
git@bitbucket.org:moldiscovery/flapreact , 2016-05-02		OK
git@bitbucket.org:moldiscovery/modeller , 2016-04-01		OK
git@bitbucket.org:moldiscovery/cifparse-obj , 2016-03-14	OK
git@bitbucket.org:moldiscovery/biogen , 2016-03-10		OK
git@bitbucket.org:moldiscovery/libpeptidemaker , 2016-01-11	OK
git@bitbucket.org:moldiscovery/biogps_python , 2015-12-24	OK
git@bitbucket.org:moldiscovery/website , 2015-09-22		OK
git@bitbucket.org:moldiscovery/mut , 2015-08-04			OK
git@bitbucket.org:moldiscovery/tutor_vsplus , 2015-07-23	OK
git@bitbucket.org:moldiscovery/InChI_1_02b , 2015-07-14		OK
git@bitbucket.org:moldiscovery/jsoncpp , 2015-07-06		OK
git@bitbucket.org:moldiscovery/mocca , 2015-06-30		OK
git@bitbucket.org:moldiscovery/man_vsplus , 2015-03-31		OK
git@bitbucket.org:moldiscovery/man_grid , 2015-03-31		OK
git@bitbucket.org:moldiscovery/docs_common , 2015-03-27		OK
git@bitbucket.org:moldiscovery/flap_bootstrap , 2015-02-02	OK
git@bitbucket.org:moldiscovery/opto , 2015-01-07		OK
git@bitbucket.org:moldiscovery/moldraw_builder , 2014-11-27	OK
git@bitbucket.org:moldiscovery/libbioplot , 2014-11-24		OK
git@bitbucket.org:moldiscovery/cyp_consortium_models , 2014-06-20	OK
git@bitbucket.org:moldiscovery/compass_xtract , 2014-05-27	OK
git@bitbucket.org:moldiscovery/libflapw , 2014-05-16	OK
git@bitbucket.org:moldiscovery/libccm , 2014-05-06	OK
git@bitbucket.org:moldiscovery/pharmbench , 2014-04-04	OK
git@bitbucket.org:moldiscovery/bioplot , 2014-02-10	OK
git@bitbucket.org:moldiscovery/pybasstat , 2013-12-03	OK
git@bitbucket.org:moldiscovery/masslipid , 2013-07-22	OK
git@bitbucket.org:moldiscovery/sandbox , 2013-06-20	OK
git@bitbucket.org:moldiscovery/md_tools , 2013-06-19	OK
git@bitbucket.org:moldiscovery/search_cypinhibition_fragments , 2013-04-29	OK
git@bitbucket.org:moldiscovery/hscf , 2013-04-26	OK
git@bitbucket.org:moldiscovery/aa_devel , 2013-04-24	OK
git@bitbucket.org:moldiscovery/pymoldraw , 2013-04-24	OK
git@bitbucket.org:moldiscovery/mdlib , 2013-04-03	OK
git@bitbucket.org:moldiscovery/qmolviewer , 2013-04-03	OK
git@bitbucket.org:moldiscovery/triposlm , 2013-04-03	OK
git@bitbucket.org:moldiscovery/basstat_devel , 2013-03-26	OK
git@bitbucket.org:moldiscovery/pyfixpdb , 2013-03-26	OK
git@bitbucket.org:moldiscovery/fastvcc_wmb , 2013-03-25	OK
git@bitbucket.org:moldiscovery/vcc , 2013-03-25	OK
git@bitbucket.org:moldiscovery/pentacle , 2013-03-25	OK
